{
  "items": [
    {
      "id": "M10",
      "name": "Toridon",
      "description": "2 brochettes de poulet, 2 brochettes de boulettes de poulet",
      "price": 10.0,
      "tag": "MENU MIDI EXPRESS"
    },
    {
      "id": "M11",
      "name": "Shake Yaki",
      "description": "4 brochettes de poissons : 2 saumon et 2 thon OU 4 saumon",
      "price": 12.0,
      "tag": "MENU MIDI EXPRESS"
    },
    {
      "id": "M12",
      "name": "Maki Yaki",
      "description": "6 maki saumon, 4 brochettes assorties ( poulet, boulettes de poulet, boeuf et boeuf au fromage)",
      "price": 11.5,
      "tag": "MENU MIDI EXPRESS"
    },
    {
      "id": "M13",
      "name": "Sushi Maki",
      "description": "4 sushi assortis, 6 maki california",
      "price": 12.0,
      "tag": "MENU MIDI EXPRESS"
    },
    {
      "id": "M14",
      "name": "Shake Sushi",
      "description": "8 sushi saumon",
      "price": 13.0,
      "tag": "MENU MIDI EXPRESS"
    },
    {
      "id": "M15",
      "name": "M15",
      "description": "3 sushi saumon, 6 maki saumon, 6 sashimi saumon",
      "price": 15.5,
      "tag": "MENU MIDI EXPRESS"
    },
    {
      "id": "S3",
      "name": "Menu Gyoza",
      "description": "8 pièces de raviolis japonais",
      "price": 10.8,
      "tag": "MENU TOMO"
    },
    {
      "id": "S4",
      "name": "Tori Jyu",
      "description": "Poulet pané",
      "price": 14.5,
      "tag": "MENU TOMO"
    },
    {
      "id": "S5",
      "name": "Tori Kara-age",
      "description": "Beignets de poulet",
      "price": 14.9,
      "tag": "MENU TOMO"
    },
    {
      "id": "S6",
      "name": "Shake Teriyaki",
      "description": "Pavé de saumon grillé",
      "price": 19.9,
      "tag": "MENU TOMO"
    },
    {
      "id": "J1",
      "name": "Shakedon",
      "description": "Chirashi saumon sur riz vinaigré",
      "price": 14.5,
      "tag": "MENU DONBURI"
    },
    {
      "id": "J2",
      "name": "Chirashi",
      "description": "Assortiment de poisson cru sur riz vinaigré",
      "price": 15.5,
      "tag": "MENU DONBURI"
    },
    {
      "id": "J3",
      "name": "Unadon",
      "description": "Chirachi anguille sur riz vinaigré",
      "price": 17.8,
      "tag": "MENU DONBURI"
    },
    {
      "id": "J4",
      "name": "Shake Yakidon",
      "description": "Saumon grillé sur riz vinaigré",
      "price": 16.8,
      "tag": "MENU DONBURI"
    },
    {
      "id": "S7",
      "name": "Nouilles sautées aux légumes",
      "description": "Nouilles sautées aux légumes",
      "price": 10.9,
      "tag": "MENU NOUILLES SAUTÉES"
    },
    {
      "id": "S8",
      "name": "Nouilles sautées aux boeufs",
      "description": "Nouilles sautées aux boeufs",
      "price": 11.9,
      "tag": "MENU NOUILLES SAUTÉES"
    },
    {
      "id": "A1",
      "name": "Sashimi Moriawase",
      "description": "Grand plateau de poisson assortis 22 pics, servis avec soupe, salade et riz nature",
      "price": 20.8,
      "tag": "MENU SUSHI SASHIMI MAKI"
    },
    {
      "id": "A2",
      "name": "Sashimi Moriawase",
      "description": "Moyen plateau de poisson assortis 16 pcs, servis avec soupe, salade et riz nature",
      "price": 16.2,
      "tag": "MENU SUSHI SASHIMI MAKI"
    },
    {
      "id": "B",
      "name": "Sushi Maki",
      "description": "8 sushi assortis, 6 california, servis avec soupe et salade",
      "price": 17.8,
      "tag": "MENU SUSHI SASHIMI MAKI"
    },
    {
      "id": "C",
      "name": "Shake Sushi",
      "description": "10 sushi saumon servis avec soupe et salade",
      "price": 16.5,
      "tag": "MENU SUSHI SASHIMI MAKI"
    },
    {
      "id": "D",
      "name": "California Sushi Sashimi",
      "description": "3 sushi assortis, 6 maki california, 6 sashimi, servis avec soupe, salade et riz nature",
      "price": 17.9,
      "tag": "MENU SUSHI SASHIMI MAKI"
    },
    {
      "id": "E",
      "name": "Sushi Sashimi",
      "description": "6 Sushi assortis, 9 sashimi assortis, servis avec soupe, salade et riz nature",
      "price": 18.5,
      "tag": "MENU SUSHI SASHIMI MAKI"
    },
    {
      "id": "F",
      "name": "Maki Moriawase",
      "description": "18 maki: saumon, thon, california saumon avocat, servis avec soupe et salade",
      "price": 15.0,
      "tag": "MENU SUSHI SASHIMI MAKI"
    },
    {
      "id": "G",
      "name": "Futo Temaki",
      "description": "5 Futomaki, 2 temaki, servis avec soupe et salade",
      "price": 17.8,
      "tag": "MENU SUSHI SASHIMI MAKI"
    },
    {
      "id": "H",
      "name": "Tomo Maki",
      "description": "18 maki spécial: Nude thon, Smooth cheese, Tamago thon cuit, servis avec soupe et salade",
      "price": 18.5,
      "tag": "MENU SUSHI SASHIMI MAKI"
    },
    {
      "id": "K",
      "name": "Mix Spicy Rolls",
      "description": "6 california saumon spicy, 6 california thon spicy, 6 california crevette spicy, servis avec soupe et salade",
      "price": 17.5,
      "tag": "MENU SUSHI SASHIMI MAKI"
    },
    {
      "id": "M1",
      "name": "Cinq brochettes assorties",
      "description": "Assortiment de 5 brochettes: poulet, boulletes de poulet, aile de poulet, boeuf, boeuf au fromage",
      "price": 10.9,
      "tag": "MENU YAKITORI"
    },
    {
      "id": "M2",
      "name": "Cheese Yaki",
      "description": "5 brochettes de boeuf au fromage",
      "price": 11.9,
      "tag": "MENU YAKITORI"
    },
    {
      "id": "M3",
      "name": "Cinq brochettes de fruits de mer",
      "description": "Assortiment de 5 brochettes de fruits de mer: 2 saumons, 1 thon, 1 noix de st. Jacques, 1 gambas ( MAIS possibilité tout saumon)",
      "price": 16.0,
      "tag": "MENU YAKITORI"
    },
    {
      "id": "M4",
      "name": "Végétarien Yaki",
      "description": "Assortiment de 5 brochettes: 2 champignons, 1 courgette, 1 aubergine, 1 tofu",
      "price": 10.5,
      "tag": "MENU YAKITORI"
    },
    {
      "id": "M5",
      "name": "Sept brochettes assorties",
      "description": "Assortiment de 7 brochettes: poulet, boulettes de poulet, boeuf, boeuf au fromage, saumon, gambas champignon",
      "price": 16.5,
      "tag": "MENU YAKITORI"
    },
    {
      "id": "T1",
      "name": "Yasai Tempura",
      "description": "Beignets de légumes de saison: courgette, aubergine, carotte, patate douce)",
      "price": 11.8,
      "tag": "MENU TEMPURA"
    },
    {
      "id": "T3",
      "name": "Tempura Moriawase",
      "description": "Assortiment de tempura",
      "price": 15.0,
      "tag": "MENU TEMPURA"
    },
    {
      "id": "T2",
      "name": "Ebi Tempura",
      "description": "Tempura de crevettes",
      "price": 16.5,
      "tag": "MENU TEMPURA"
    },
    {
      "id": "M6",
      "name": "Mix Gyoza Yaki",
      "description": "5 raviolis, 5 brochettes assorties: poulet, boulettes de poulet, aile de poulet, boeuf, boeuf au fromage",
      "price": 15.2,
      "tag": "MENU MIXTE"
    },
    {
      "id": "M7",
      "name": "Mix sushi yaki",
      "description": "4 sushi assortis ou 6 maki california, 5 brochettes assorties: poulet, boulettes de poulet, aile de poulet, boeuf, boeuf au fromage)",
      "price": 16.2,
      "tag": "MENU MIXTE"
    },
    {
      "id": "M7B",
      "name": "Mix California Yaki",
      "description": "6 maki california, 5 brochettes assorties: poulet, boulette de poulet, aile de poulet, boeuf, boeuf au fromage",
      "price": 15.8,
      "tag": "MENU MIXTE"
    },
    {
      "id": "M8",
      "name": "Mix sushi yaki roll",
      "description": "4 sushi, 9 sashimi, 5 brochettes assorties: poulet, boulettes de poulet, aile de poulet, boeuf, boeuf au fromage",
      "price": 23.8,
      "tag": "MENU MIXTE"
    },
    {
      "id": "M9",
      "name": "mix cheezy",
      "description": "6 smooth cheese, 6 tamago cheese, 3 brochettes de boeuf au fromage",
      "price": 17.2,
      "tag": "MENU MIXTE"
    },
    {
      "id": "M9B",
      "name": "Mix crousty",
      "description": "6 california masago orange, 6 california masago wasabi et 3 brochettes de saumon",
      "price": 18.8,
      "tag": "MENU MIXTE"
    },
    {
      "id": "M16",
      "name": "mix sashimi yaki",
      "description": "9 sashimi assortis, 5 brochettes assorties: poulet, boulettes de poulet, aile de poulet, boeuf, boeuf au fromage",
      "price": 17.8,
      "tag": "MENU MIXTE"
    },
    {
      "id": "M17",
      "name": "Mix sashimi gyoza",
      "description": "5 raviolis, 12 sashimi assortis",
      "price": 18.8,
      "tag": "MENU MIXTE"
    },
    {
      "id": "M18",
      "name": "Mix sashimi maki",
      "description": "6 maki california, 9 sashimi assortis",
      "price": 17.8,
      "tag": "MENU MIXTE"
    },
    {
      "id": "N2",
      "name": "Plateau TOMO",
      "description": "8 sushi, 6 maki saumon, 6 maki thon, 16 sashimi assortis, 8 brochettes assorties (2poulets, 2 boulettes de poulet, 2 boeufs, 2 boeufs au fromage)",
      "price": 47.8,
      "tag": "PLATEAU TOMO"
    },
    {
      "id": "N1",
      "name": "Bateau Royal",
      "description": "10 sushi assortis, 6 maki saumon, 6 california saumon avocat, 22 sashimi assortis, 4 sashimi roll",
      "price": 52.8,
      "tag": "BATEAU ROYAL"
    },
    {
      "id": "S9",
      "name": "Carpaccio de thon mi-cuit",
      "description": "Carpaccio de thon mi-cuit avec une sauce épicée",
      "price": 9.5,
      "tag": "SPÉCIALITÉS"
    },
    {
      "id": "S1",
      "name": "Salade Tomo",
      "description": "Salade de saumon frais et avocat avec sa sauce maison",
      "price": 9.8,
      "tag": "SPÉCIALITÉS"
    },
    {
      "id": "S2",
      "name": "Salade Negima",
      "description": "Salade de poulet grillé et avocat",
      "price": 9.2,
      "tag": "SPÉCIALITÉS"
    },
    {
      "id": "E1",
      "name": "riz tartare saumon avocat",
      "description": "Riz tartare saumon avocat",
      "price": 9.5,
      "tag": "HORS D'OEUVRE"
    },
    {
      "id": "E2",
      "name": "Salade wakame",
      "description": "Algue, avocat, crevette, salade",
      "price": 7.5,
      "tag": "HORS D'OEUVRE"
    },
    {
      "id": "E3",
      "name": "Salade maison",
      "description": "salade de choux assaisonnés",
      "price": 2.5,
      "tag": "HORS D'OEUVRE"
    },
    {
      "id": "E4",
      "name": "Misosiru",
      "description": "soupe miso",
      "price": 2.5,
      "tag": "HORS D'OEUVRE"
    },
    {
      "id": "E5",
      "name": "Gyoza",
      "description": "6 pièces de ravioli japonais au poulet",
      "price": 6.8,
      "tag": "HORS D'OEUVRE"
    },
    {
      "id": "E6",
      "name": "Gohan",
      "description": "Riz nature",
      "price": 2.5,
      "tag": "HORS D'OEUVRE"
    },
    {
      "id": "E7",
      "name": "Kayaku",
      "description": "Riz vinaigré assaisonné",
      "price": 3.0,
      "tag": "HORS D'OEUVRE"
    },
    {
      "id": "E8",
      "name": "Edamamé",
      "description": "",
      "price": 4.0,
      "tag": "HORS D'OEUVRE"
    },
    {
      "id": "E9",
      "name": "Salade d'algue",
      "description": "",
      "price": 5.0,
      "tag": "HORS D'OEUVRE"
    },
    {
      "id": "E10",
      "name": "Nems au poulet",
      "description": "",
      "price": 6.0,
      "tag": "HORS D'OEUVRE"
    },
    {
      "id": "B1",
      "name": "Tempura de légumes",
      "description": "8 pièces",
      "price": 9.0,
      "tag": "HORS D'OEUVRE"
    },
    {
      "id": "B2",
      "name": "Tempura de crevettes",
      "description": "6 pièces",
      "price": 13.0,
      "tag": "HORS D'OEUVRE"
    },
    {
      "id": "B3",
      "name": "Assortiment de tempura",
      "description": "10 pièces",
      "price": 11.0,
      "tag": "HORS D'OEUVRE"
    },
    {
      "id": "B4",
      "name": "Beignets de poulets",
      "description": "8 pièces",
      "price": 10.0,
      "tag": "HORS D'OEUVRE"
    },
    {
      "id": "MK1",
      "name": "Shake maki",
      "description": "Maki saumon",
      "price": 4.8,
      "tag": "MAKI (PAR 6)"
    },
    {
      "id": "MK2",
      "name": "Tekka maki",
      "description": "Maki thon",
      "price": 5.2,
      "tag": "MAKI (PAR 6)"
    },
    {
      "id": "MK3",
      "name": "Oshinko maki",
      "description": "Maki radis marinés",
      "price": 4.2,
      "tag": "MAKI (PAR 6)"
    },
    {
      "id": "MK4",
      "name": "Kappa Maki",
      "description": "Maki concombre",
      "price": 4.2,
      "tag": "MAKI (PAR 6)"
    },
    {
      "id": "MK5",
      "name": "Avocat maki",
      "description": "",
      "price": 4.2,
      "tag": "MAKI (PAR 6)"
    },
    {
      "id": "MK8",
      "name": "Unagi maki",
      "description": "Maki anguille",
      "price": 5.8,
      "tag": "MAKI (PAR 6)"
    },
    {
      "id": "MK9",
      "name": "Ikura Maki",
      "description": "Maki oeufs de saumon",
      "price": 5.8,
      "tag": "MAKI (PAR 6)"
    },
    {
      "id": "MK23",
      "name": "Maki cheese",
      "description": "",
      "price": 4.5,
      "tag": "MAKI (PAR 6)"
    },
    {
      "id": "MK6",
      "name": "California shake maki",
      "description": "California saumon avocat",
      "price": 5.5,
      "tag": "MAKI CALIFORNIA"
    },
    {
      "id": "MK7",
      "name": "California surimi maki",
      "description": "Surimi avocat",
      "price": 5.5,
      "tag": "MAKI CALIFORNIA"
    },
    {
      "id": "MK15",
      "name": "California chesse maki",
      "description": "California fromage, avocat",
      "price": 5.8,
      "tag": "MAKI CALIFORNIA"
    },
    {
      "id": "MK16",
      "name": "Futomaki",
      "description": "California: saumon, thon, surimi, avocat, concombre, radis mariné (4 pcs)",
      "price": 8.5,
      "tag": "MAKI CALIFORNIA"
    },
    {
      "id": "MK17",
      "name": "California saumon cuit",
      "description": "",
      "price": 6.5,
      "tag": "MAKI CALIFORNIA"
    },
    {
      "id": "MK18",
      "name": "California Ebi",
      "description": "Maki crevette avocat",
      "price": 6.5,
      "tag": "MAKI CALIFORNIA"
    },
    {
      "id": "MK19",
      "name": "California thon mayo",
      "description": "California thon mayo, avocat",
      "price": 6.0,
      "tag": "MAKI CALIFORNIA"
    },
    {
      "id": "MK13",
      "name": "Nude thon maki",
      "description": "Maki thon sans algue",
      "price": 5.2,
      "tag": "MAKI CALIFORNIA"
    },
    {
      "id": "MK25",
      "name": "California Saumon Spicy",
      "description": "",
      "price": 5.8,
      "tag": "MAKI CALIFORNIA"
    },
    {
      "id": "MK26",
      "name": "California Thon Spicy",
      "description": "",
      "price": 5.8,
      "tag": "MAKI CALIFORNIA"
    },
    {
      "id": "MK27",
      "name": "California Crevette Spicy",
      "description": "",
      "price": 6.8,
      "tag": "MAKI CALIFORNIA"
    },
    {
      "id": "MK28",
      "name": "California Thon Cuit Spicy",
      "description": "",
      "price": 6.2,
      "tag": "MAKI CALIFORNIA"
    },
    {
      "id": "MK11",
      "name": "Las Vegas Maki",
      "description": "Maki avocat enroulé de saumon",
      "price": 7.2,
      "tag": "MAKI DIVERS"
    },
    {
      "id": "MK12",
      "name": "Smooth cheese",
      "description": "Maki fromage enroulé de saumon",
      "price": 7.2,
      "tag": "MAKI DIVERS"
    },
    {
      "id": "MK20",
      "name": "Tomo roll",
      "description": "Maki fromage et avocat enroulé de saumon",
      "price": 7.5,
      "tag": "MAKI DIVERS"
    },
    {
      "id": "MK21",
      "name": "California Masago Orange",
      "description": "California saumon avocat enrobé d'oeufs de capelan",
      "price": 6.8,
      "tag": "MAKI DIVERS"
    },
    {
      "id": "MK22",
      "name": "California Masago Wasabi",
      "description": "California saumon avocat enrobé d'oeufs de capelan",
      "price": 6.8,
      "tag": "MAKI DIVERS"
    },
    {
      "id": "MK10",
      "name": "Tamago thon",
      "description": "Maki avocat, thon cuit enroulé d'omelette",
      "price": 5.8,
      "tag": "MAKI DIVERS"
    },
    {
      "id": "MK14",
      "name": "Tamago cheese",
      "description": "Maki fromage enroulé d'omelette",
      "price": 5.8,
      "tag": "MAKI DIVERS"
    },
    {
      "id": "MK24",
      "name": "Tamago nutella",
      "description": "Maki nutella enroulé d'omelette",
      "price": 5.0,
      "tag": "MAKI DIVERS"
    },
    {
      "id": "MK29",
      "name": "California dragon",
      "description": "California tempura de crevette",
      "price": 8.0,
      "tag": "MAKI DIVERS"
    },
    {
      "id": "MK30",
      "name": "California dragon avocat",
      "description": "California tempura de crevette et avocat",
      "price": 9.0,
      "tag": "MAKI DIVERS"
    },
    {
      "id": "MK31",
      "name": "Cripsy saumon avocat",
      "description": "California saumon avocat enrobé d'oignons frits",
      "price": 6.0,
      "tag": "MAKI DIVERS"
    },
    {
      "id": "MK32",
      "name": "Crispy Ebi",
      "description": "",
      "price": 8.2,
      "tag": "MAKI DIVERS"
    },
    {
      "id": "MK33",
      "name": "Crispy poulet frit avocat",
      "description": "",
      "price": 7.0,
      "tag": "MAKI DIVERS"
    },
    {
      "id": "MK34",
      "name": "Maki printemps vegetarien",
      "description": "",
      "price": 6.0,
      "tag": "MAKI PRINTEMPS"
    },
    {
      "id": "MK35",
      "name": "Maki printemps saumon avocat",
      "description": "Maki saumon avocat enroulé dans une feuille de riz",
      "price": 6.5,
      "tag": "MAKI PRINTEMPS"
    },
    {
      "id": "MK35B",
      "name": "Maki printemps thon avocat",
      "description": "Maki thon avocat enroulé dans une feuille de riz",
      "price": 6.5,
      "tag": "MAKI PRINTEMPS"
    },
    {
      "id": "MK36",
      "name": "Maki printemps poulet frit",
      "description": "poulet, frit",
      "price": 7.0,
      "tag": "MAKI PRINTEMPS"
    },
    {
      "id": "MK37",
      "name": "Maki printemps poulet frit",
      "description": "Tempura, crevette",
      "price": 8.2,
      "tag": "MAKI PRINTEMPS"
    },
    {
      "id": "MK38",
      "name": "Bonite Tori roll",
      "description": "poulet, avocat, fromage",
      "price": 7.5,
      "tag": "MAKI PRINTEMPS"
    },
    {
      "id": "MK39",
      "name": "Bonite Ebi tempura crevette",
      "description": "",
      "price": 8.5,
      "tag": "MAKI PRINTEMPS"
    },
    {
      "id": "SU1",
      "name": "Shake",
      "description": "Sushi saumon",
      "price": 4.8,
      "tag": "SUSHI (PAR PAIRE)"
    },
    {
      "id": "SU2",
      "name": "Maguro",
      "description": "Sushi thon",
      "price": 5.0,
      "tag": "SUSHI (PAR PAIRE)"
    },
    {
      "id": "SU3",
      "name": "Tai",
      "description": "Sushi daurade",
      "price": 5.0,
      "tag": "SUSHI (PAR PAIRE)"
    },
    {
      "id": "SU4",
      "name": "Ebi",
      "description": "Sushi crevette",
      "price": 5.0,
      "tag": "SUSHI (PAR PAIRE)"
    },
    {
      "id": "SU5",
      "name": "Ikura",
      "description": "Sushi oeufs de saumon",
      "price": 6.0,
      "tag": "SUSHI (PAR PAIRE)"
    },
    {
      "id": "SU6",
      "name": "Unagi",
      "description": "Sushi anguille",
      "price": 6.0,
      "tag": "SUSHI (PAR PAIRE)"
    },
    {
      "id": "SU7",
      "name": "Tako",
      "description": "Sushi poulpe",
      "price": 5.5,
      "tag": "SUSHI (PAR PAIRE)"
    },
    {
      "id": "SU8",
      "name": "Tamago",
      "description": "Sushi omelette",
      "price": 4.5,
      "tag": "SUSHI (PAR PAIRE)"
    },
    {
      "id": "SU9",
      "name": "Saumon avocat",
      "description": "",
      "price": 5.2,
      "tag": "SUSHI (PAR PAIRE)"
    },
    {
      "id": "SU10",
      "name": "Saba",
      "description": "Sushi maquereau",
      "price": 4.5,
      "tag": "SUSHI (PAR PAIRE)"
    },
    {
      "id": "SU11",
      "name": "Maguro mayo",
      "description": "Sushi thon cuit mayo",
      "price": 5.5,
      "tag": "SUSHI (PAR PAIRE)"
    },
    {
      "id": "SU12",
      "name": "Saumon cheese",
      "description": "",
      "price": 5.2,
      "tag": "SUSHI (PAR PAIRE)"
    },
    {
      "id": "SA1",
      "name": "Shake",
      "description": "Sashimi de saumon",
      "price": 10.0,
      "tag": "SASHIMI (10 TRANCHES)"
    },
    {
      "id": "SA2",
      "name": "Maguro",
      "description": "Sashimi de thon",
      "price": 10.8,
      "tag": "SASHIMI (10 TRANCHES)"
    },
    {
      "id": "SA3",
      "name": "Tai",
      "description": "Sashimi de daurade",
      "price": 10.8,
      "tag": "SASHIMI (10 TRANCHES)"
    },
    {
      "id": "SA4",
      "name": "Tako",
      "description": "Sashimi de poulpe",
      "price": 12.0,
      "tag": "SASHIMI (10 TRANCHES)"
    },
    {
      "id": "SA6",
      "name": "Saba",
      "description": "Sashimi de maquereau",
      "price": 9.0,
      "tag": "SASHIMI (10 TRANCHES)"
    },
    {
      "id": "SA7",
      "name": "Moriawase",
      "description": "Assortiment de 12 sashimis )",
      "price": 12.8,
      "tag": "SASHIMI (10 TRANCHES)"
    },
    {
      "id": "SA8",
      "name": "Tataki saumon mi cuit",
      "description": "Saumon mi cuit",
      "price": 11.5,
      "tag": "SASHIMI (10 TRANCHES)"
    },
    {
      "id": "SA9",
      "name": "Tataki thon mi cuit",
      "description": "Thon mi cuit",
      "price": 12.5,
      "tag": "SASHIMI (10 TRANCHES)"
    },
    {
      "id": "MT1",
      "name": "Shake temaki",
      "description": "Saumon, avocat",
      "price": 5.0,
      "tag": "TEMAKI (LA PIÈCE)"
    },
    {
      "id": "MT2",
      "name": "Maguro temaki",
      "description": "Thon, avocat",
      "price": 5.8,
      "tag": "TEMAKI (LA PIÈCE)"
    },
    {
      "id": "MT4",
      "name": "Ebi temaki",
      "description": "Crevette, avocat",
      "price": 5.8,
      "tag": "TEMAKI (LA PIÈCE)"
    },
    {
      "id": "MT5",
      "name": "Végétarien temaki",
      "description": "Concombre, radis marinés, avocat",
      "price": 5.0,
      "tag": "TEMAKI (LA PIÈCE)"
    },
    {
      "id": "MT7",
      "name": "Unagi temaki",
      "description": "Anguille, avocat",
      "price": 6.8,
      "tag": "TEMAKI (LA PIÈCE)"
    },
    {
      "id": "Y1",
      "name": "Tsukune",
      "description": "Brochettes boulette de poulet",
      "price": 4.0,
      "tag": "YAKITORI (PAR PAIRE)"
    },
    {
      "id": "Y2",
      "name": "Negima",
      "description": "Brochette de poulet",
      "price": 4.0,
      "tag": "YAKITORI (PAR PAIRE)"
    },
    {
      "id": "Y3",
      "name": "Teba",
      "description": "Brochette d'aile de poulet",
      "price": 4.2,
      "tag": "YAKITORI (PAR PAIRE)"
    },
    {
      "id": "Y4",
      "name": "Gyuniku",
      "description": "Brochette de boeuf",
      "price": 4.5,
      "tag": "YAKITORI (PAR PAIRE)"
    },
    {
      "id": "Y5",
      "name": "Chesse",
      "description": "Brochette boeuf au fromage",
      "price": 4.5,
      "tag": "YAKITORI (PAR PAIRE)"
    },
    {
      "id": "Y6",
      "name": "Zukini",
      "description": "Brochette de courgette",
      "price": 3.5,
      "tag": "YAKITORI (PAR PAIRE)"
    },
    {
      "id": "Y7",
      "name": "Tofu",
      "description": "Brochette de tofu",
      "price": 3.5,
      "tag": "YAKITORI (PAR PAIRE)"
    },
    {
      "id": "Y8",
      "name": "Kinoko",
      "description": "Brochette de champignon",
      "price": 3.5,
      "tag": "YAKITORI (PAR PAIRE)"
    },
    {
      "id": "Y9",
      "name": "Aubergine",
      "description": "Brochette d'aubergine",
      "price": 3.5,
      "tag": "YAKITORI (PAR PAIRE)"
    },
    {
      "id": "Y10",
      "name": "Shake",
      "description": "Brochette de saumon",
      "price": 5.5,
      "tag": "YAKITORI (PAR PAIRE)"
    },
    {
      "id": "Y11",
      "name": "Maguro",
      "description": "Brochette de thon",
      "price": 5.5,
      "tag": "YAKITORI (PAR PAIRE)"
    },
    {
      "id": "Y12",
      "name": "Tai",
      "description": "Brochette de daurade",
      "price": 6.5,
      "tag": "YAKITORI (PAR PAIRE)"
    },
    {
      "id": "Y13",
      "name": "Saba",
      "description": "Brochette de maquereau",
      "price": 6.0,
      "tag": "YAKITORI (PAR PAIRE)"
    },
    {
      "id": "Y14",
      "name": "Ebi",
      "description": "Brochette de gambas",
      "price": 6.5,
      "tag": "YAKITORI (PAR PAIRE)"
    },
    {
      "id": "Y15",
      "name": "Hotate",
      "description": "Brochette de coquille saint-jacques",
      "price": 7.8,
      "tag": "YAKITORI (PAR PAIRE)"
    }
  ]
}
